{
  "split": {
    "train": 11494,
    "val": 3832,
    "test": 3832
  },
  "n_input_features": 15,
  "comparison_val": {
    "Logistic Regression": {
      "accuracy": 0.7489561586638831,
      "precision": 0.49782923299565845,
      "recall": 0.7196652719665272,
      "f1": 0.5885372112917023,
      "specificity": 0.758692628650904,
      "roc_auc": 0.7672617783299679,
      "confusion_matrix": {
        "tn": 2182,
        "fp": 694,
        "fn": 268,
        "tp": 688
      }
    },
    "Decision Tree": {
      "accuracy": 0.7390396659707724,
      "precision": 0.4841040462427746,
      "recall": 0.700836820083682,
      "f1": 0.5726495726495726,
      "specificity": 0.7517385257301809,
      "roc_auc": 0.7545565377296455,
      "confusion_matrix": {
        "tn": 2162,
        "fp": 714,
        "fn": 286,
        "tp": 670
      }
    },
    "KNN": {
      "accuracy": 0.7667014613778705,
      "precision": 0.536046511627907,
      "recall": 0.48221757322175735,
      "f1": 0.5077092511013216,
      "specificity": 0.8612656467315716,
      "roc_auc": 0.7638349186166282,
      "confusion_matrix": {
        "tn": 2477,
        "fp": 399,
        "fn": 495,
        "tp": 461
      }
    },
    "Naive Bayes": {
      "accuracy": 0.5853340292275574,
      "precision": 0.34849210148396365,
      "recall": 0.7615062761506276,
      "f1": 0.4781609195402299,
      "specificity": 0.5267732962447844,
      "roc_auc": 0.696735099597884,
      "confusion_matrix": {
        "tn": 1515,
        "fp": 1361,
        "fn": 228,
        "tp": 728
      }
    },
    "SVM (RBF)": {
      "accuracy": 0.7445198329853863,
      "precision": 0.49201943095072864,
      "recall": 0.7416317991631799,
      "f1": 0.591572799332499,
      "specificity": 0.7454798331015299,
      "roc_auc": 0.7729192611192905,
      "confusion_matrix": {
        "tn": 2144,
        "fp": 732,
        "fn": 247,
        "tp": 709
      }
    },
    "Random Forest": {
      "accuracy": 0.7667014613778705,
      "precision": 0.5248,
      "recall": 0.6861924686192469,
      "f1": 0.5947416137805984,
      "specificity": 0.7934631432545202,
      "roc_auc": 0.776517427447466,
      "confusion_matrix": {
        "tn": 2282,
        "fp": 594,
        "fn": 300,
        "tp": 656
      }
    },
    "Gradient Boosting": {
      "accuracy": 0.7703549060542797,
      "precision": 0.5471464019851117,
      "recall": 0.46129707112970714,
      "f1": 0.5005675368898979,
      "specificity": 0.8730876216968011,
      "roc_auc": 0.774669971077915,
      "confusion_matrix": {
        "tn": 2511,
        "fp": 365,
        "fn": 515,
        "tp": 441
      }
    },
    "AdaBoost": {
      "accuracy": 0.7667014613778705,
      "precision": 0.5571955719557196,
      "recall": 0.3158995815899582,
      "f1": 0.4032042723631509,
      "specificity": 0.9165507649513213,
      "roc_auc": 0.7678082500683772,
      "confusion_matrix": {
        "tn": 2636,
        "fp": 240,
        "fn": 654,
        "tp": 302
      }
    },
    "XGBoost": {
      "accuracy": 0.759133611691023,
      "precision": 0.5124716553287982,
      "recall": 0.7092050209205021,
      "f1": 0.5949978060552874,
      "specificity": 0.7757301808066759,
      "roc_auc": 0.7707626526847493,
      "confusion_matrix": {
        "tn": 2231,
        "fp": 645,
        "fn": 278,
        "tp": 678
      }
    },
    "LightGBM": {
      "accuracy": 0.7638308977035491,
      "precision": 0.5199063231850117,
      "recall": 0.696652719665272,
      "f1": 0.5954403218596335,
      "specificity": 0.7861613351877608,
      "roc_auc": 0.7683685427226331,
      "confusion_matrix": {
        "tn": 2261,
        "fp": 615,
        "fn": 290,
        "tp": 666
      }
    }
  },
  "cv": {
    "Logistic Regression": {
      "accuracy_mean": 0.7590368499854746,
      "accuracy_std": 0.007990440549759746,
      "precision_mean": 0.5118499218083409,
      "precision_std": 0.011147030849255826,
      "recall_mean": 0.7333925332785819,
      "recall_std": 0.013541221484979315,
      "f1_mean": 0.6028932479674316,
      "f1_std": 0.011841201540032415,
      "roc_auc_mean": 0.7875173615337362,
      "roc_auc_std": 0.009772230190105341
    },
    "Decision Tree": {
      "accuracy_mean": 0.7560353889259563,
      "accuracy_std": 0.0036599040144468117,
      "precision_mean": 0.5077562762092251,
      "precision_std": 0.005221869478840033,
      "recall_mean": 0.7121958731136434,
      "recall_std": 0.015952606907289873,
      "f1_mean": 0.5927795388595991,
      "f1_std": 0.007552763549464226,
      "roc_auc_mean": 0.7687736648765731,
      "roc_auc_std": 0.007088600894260223
    },
    "KNN": {
      "accuracy_mean": 0.7813517939746458,
      "accuracy_std": 0.007745532148877733,
      "precision_mean": 0.5729878304087941,
      "precision_std": 0.020250690138043797,
      "recall_mean": 0.4877076275536393,
      "recall_std": 0.00910759252006366,
      "f1_mean": 0.5267310333095725,
      "f1_std": 0.010612385967042752,
      "roc_auc_mean": 0.7810381987599209,
      "roc_auc_std": 0.013487129454848906
    },
    "Naive Bayes": {
      "accuracy_mean": 0.5752968355770653,
      "accuracy_std": 0.0370232962634968,
      "precision_mean": 0.3475274593391835,
      "precision_std": 0.018275101718347512,
      "recall_mean": 0.7899058960407899,
      "recall_std": 0.02126184423094461,
      "f1_mean": 0.4820561804648441,
      "f1_std": 0.014593570370842579,
      "roc_auc_mean": 0.7156274217135408,
      "roc_auc_std": 0.0048539687746255115
    },
    "SVM (RBF)": {
      "accuracy_mean": 0.750227927413116,
      "accuracy_std": 0.007897022134927495,
      "precision_mean": 0.4995805529567857,
      "precision_std": 0.01068262262067065,
      "recall_mean": 0.7404554631625775,
      "recall_std": 0.01293191025686081,
      "f1_mean": 0.5965812449601124,
      "f1_std": 0.01078614890241775,
      "roc_auc_mean": 0.7915634477678977,
      "roc_auc_std": 0.012496770701236426
    },
    "Random Forest": {
      "accuracy_mean": 0.7810258063760935,
      "accuracy_std": 0.0077383424295405815,
      "precision_mean": 0.5477403731035866,
      "precision_std": 0.01215660368044937,
      "recall_mean": 0.699643431543647,
      "recall_std": 0.01921835195254936,
      "f1_mean": 0.6143961892710543,
      "f1_std": 0.014183561776439247,
      "roc_auc_mean": 0.792949287467632,
      "roc_auc_std": 0.014560138281561682
    },
    "Gradient Boosting": {
      "accuracy_mean": 0.7834399491768371,
      "accuracy_std": 0.006641512969215867,
      "precision_mean": 0.5848669869821583,
      "precision_std": 0.020018422423737258,
      "recall_mean": 0.45709509632823464,
      "recall_std": 0.012207407007695351,
      "f1_mean": 0.5128694292723893,
      "f1_std": 0.009857981052085282,
      "roc_auc_mean": 0.7932733295164581,
      "roc_auc_std": 0.011283409888410367
    },
    "AdaBoost": {
      "accuracy_mean": 0.7735221324445665,
      "accuracy_std": 0.005774930036191639,
      "precision_mean": 0.595180678350427,
      "precision_std": 0.029122186802777516,
      "recall_mean": 0.29356226260137563,
      "recall_std": 0.018883221380526616,
      "f1_mean": 0.39232671116810974,
      "f1_std": 0.014894535329978312,
      "roc_auc_mean": 0.7877239954998473,
      "roc_auc_std": 0.010252898684111394
    },
    "XGBoost": {
      "accuracy_mean": 0.7701287498842752,
      "accuracy_std": 0.009990754629052506,
      "precision_mean": 0.5290673968085553,
      "precision_std": 0.01499907145347403,
      "recall_mean": 0.7158621633644732,
      "recall_std": 0.01620342297538969,
      "f1_mean": 0.6084021639750634,
      "f1_std": 0.014918536736232568,
      "roc_auc_mean": 0.7902973442143517,
      "roc_auc_std": 0.01157039127069132
    },
    "LightGBM": {
      "accuracy_mean": 0.7780895768886562,
      "accuracy_std": 0.007717501526565384,
      "precision_mean": 0.5422333323663329,
      "precision_std": 0.011996354597205452,
      "recall_mean": 0.7082746466824077,